<?xml version="1.0" encoding="utf-8"?>
<odoo>
    <data noupdate="0">
<!--        <record model="ir.module.category" id="module_pos_qty_group">-->

<!--            <field name="name">Show Quantity on Hand in POS</field>-->
<!--            <field name="description">User Rights Access</field>-->
<!--            <field name="visible" eval="0" />-->
<!--            <field name="sequence">20</field>-->
<!--        </record>-->
        <record id="group_cf" model="res.groups">
            <field name="name">Show Quantity on Hand in POS</field>
            <field name="category_id" ref="base.module_category_hidden"/>
<!--            <field name="implied_ids" eval="[(4, ref('group_cf'))]"/>-->
            <field name="comment">the user will have access to his own data in the sales application.</field>
        </record>

        
    </data>
</odoo>
