<?xml version="1.0" encoding="utf-8"?>
<odoo>

    <!-- Sequence Number for Issue-->
    <record id="chi_sequence" model="ir.sequence">
        <field name="name">CHI Sales</field>
<!--        <field name="code">sale.order</field>-->
        <field name="prefix">CHI</field>
        <field name="padding">4</field>
    </record>

    <record id="sfc_sequence" model="ir.sequence">
        <field name="name">SFC Sales</field>
<!--        <field name="code">sale.order</field>-->
        <field name="prefix">SCF</field>
        <field name="padding">4</field>
    </record>
</odoo>